seq,name_zh,name_en,name_alt,country,day_no,date,modern_location,ancient_toponym,gps,opening_hours,admission,duration,scripture_refs,bible_books,story_summary,key_figures,historical_era,theological_significance,life_application,discussion_questions,archaeological_findings,historical_strata,accuracy_rating,key_artifacts,tour_route_position,best_time,dress_code,photo_restrictions,crowd_levels,safety_notes,accessibility,nearby_dining,accommodation,nearby_biblical_sites,local_products,recommendation_score,physical_comment
1,伊斯坦堡,Istanbul,君士坦丁堡 Constantinople / 庇推尼 Bithynia,土耳其,2,3/14,土耳其西北端，橫跨博斯普魯斯海峽，歐亞兩洲交會處,拜占庭（Byzantium）→ 君士坦丁堡（Constantinople）→ 伊斯坦堡,"41.0082°N, 28.9784°E",城市全天可遊覽；各景點開放時間不同,,本日為接機與自由活動，建議利用半天熟悉舊城區,彼前 1:1　／　徒 16:7,使徒行傳、彼得前書,伊斯坦堡所在的小亞細亞西北角，羅馬時代屬「庇推尼」省。北臨黑海，南接亞細亞省，東鄰加拉太和本都。這裡是早期基督教中心之一。保羅第二次宣教旅程中曾想前往庇推尼傳道，卻被聖靈阻止（徒 16:7）。使徒彼得則寫信給散居在本都、加拉太、加帕多家、亞細亞、庇推尼的信徒，勉勵他們在患難中持守信仰（彼前 1:1）。,使徒保羅、使徒彼得,初代教會（主後 1 世紀）；後成為拜占庭帝國首都（主後 330–1453 年）,聖靈的引導有時是「關門」而非「開門」。保羅被阻止前往庇推尼，卻因此領受馬其頓異象，將福音帶進歐洲。伊斯坦堡見證了基督教從一個被逼迫的信仰，成為羅馬帝國國教的歷史轉折。,當我們的計畫被打亂時，背後可能有上帝更大的帶領。學習在「此路不通」的時刻，安靜等候新的方向。,你生命中是否有過「被聖靈阻止」的經驗？那次轉向帶來了什麼意想不到的結果？ ｜ 在一座歐亞交會的城市中，你如何看待不同文化與信仰的共存？,伊斯坦堡歷史城區 1985 年列入世界文化遺產，地下蓄水池、城牆遺跡與拜占庭時期教堂基礎不斷出土。,希臘殖民城邦（前 7 世紀）→ 羅馬帝國 → 拜占庭帝國首都 → 鄂圖曼帝國首都 → 現代土耳其,,,行程第 2 天，抵達土耳其的第一站,春季（3–5 月）與秋季（9–11 月），氣溫宜人；三月均溫約 5–12°C,進入清真寺需脫鞋，女性需戴頭巾、長袖長裙；建議隨身攜帶圍巾,,全年遊客眾多，舊城區景點排隊時間長，建議早起出發,注意隨身財物，大巴札與觀光區扒手較多；搭計程車請用跳錶或叫車 App,,,Hilton Istanbul Bomonti（5 星）,,,★★★★★（世界級歷史名城，不可錯過）,第一天以調整時差為主，建議漫步舊城區感受千年古都氛圍。
2,聖索菲亞大教堂,Hagia Sophia,Ayasofya,土耳其,3,3/15,伊斯坦堡舊城區蘇丹艾哈邁德廣場旁,聖索菲亞（Sancta Sophia，意為「神聖智慧」）,"41.0086°N, 28.9802°E",每日開放（禮拜時間除外），約 09:00–19:00（季節調整）,目前作為清真寺免費入場，非禮拜時段可參觀,1–1.5 小時,林前 1:24（「基督總為神的能力，神的智慧」——「索菲亞」之名的靈感來源）,哥林多前書,「索菲亞」在希臘語中意為「神聖智慧」，典出保羅書信：「基督總為神的能力，神的智慧」（林前 1:24）。這座拜占庭建築瑰寶於 537 年由查士丁尼大帝建成，近千年間是世界上最大的教堂。它見證了基督教歷史的興衰——從東正教主教座堂，到鄂圖曼清真寺，到博物館，再到 2020 年重新改為清真寺。基督教馬賽克鑲嵌畫與伊斯蘭書法在同一空間並存，令人深思。,查士丁尼大帝（建造者）,拜占庭帝國（主後 537 年落成）,聖索菲亞的命名來自「神的智慧」（Sophia），提醒信徒真正的智慧不在人的哲學，而在認識基督。這座建築在基督教與伊斯蘭文化之間的轉變，也呈現了信仰在歷史洪流中的堅韌與張力。,在多元文化的碰撞中，如何在尊重他者的同時持守自己的信仰根基？,看到基督教與伊斯蘭藝術在同一空間並存，你有什麼感受？ ｜ 「神的智慧」對你個人的信仰生活有什麼意義？,內部保存多幅拜占庭馬賽克鑲嵌畫，包括「三聖像」（Deësis）——被認為是拜占庭藝術最高傑作之一。2009 年修復工程中發現更多隱藏在灰泥下的基督教壁畫。,第一座教堂（360 年）→ 第二座（415 年）→ 現存建築（537 年）→ 鄂圖曼清真寺（1453 年）→ 博物館（1934 年）→ 清真寺（2020 年）,高（建築本身即為歷史實物）,拜占庭馬賽克鑲嵌畫、大理石柱、淚柱（許願柱）、蘇丹御座,行程第 3 天第一站，伊斯坦堡歷史城區巡禮,建議上午早到避開人潮；週五禮拜時段暫停參觀,作為清真寺運作：需脫鞋，女性需戴頭巾、遮蓋肩膀和膝蓋；入口處提供免費頭巾與長裙,一般可拍照，禮拜時段禁止,全年擁擠，建議開門時段即到場,,主層無障礙，上層迴廊需走斜坡道,,,聖伊蓮娜教堂（步行 3 分鐘）、藍色清真寺（對面）,,★★★★★（世界建築史上的奇蹟，必訪）,建議攜帶望遠鏡觀賞穹頂馬賽克畫。光線隨時間變化，上午光線最佳。
3,跑馬場,Hippodrome,蘇丹艾哈邁德廣場 Sultanahmet Meydanı,土耳其,3,3/15,伊斯坦堡舊城區，聖索菲亞與藍色清真寺之間,君士坦丁堡競技場（Hippodrome of Constantinople）,"41.0063°N, 28.9757°E",,戶外開放空間，免費,20–30 分鐘,,,,,,,,,拜占庭時代的跑馬場原可容納十萬觀眾，現已不復存在。廣場上矗立三座歷史紀念碑：來自埃及的狄奧多西方尖碑（Obelisk of Theodosius，前 15 世紀）、青銅蛇柱（Serpent Column，前 478 年，來自德爾菲）、以及君士坦丁石柱。,羅馬競技場（203 年始建）→ 拜占庭帝國政治中心 → 鄂圖曼時期廣場 → 現代公園,,狄奧多西方尖碑（3500 年歷史）、德爾菲青銅蛇柱、君士坦丁石柱,行程第 3 天，聖索菲亞之後步行前往,任何時段皆可，傍晚光線適合拍照,,,戶外空間寬敞，人潮不擁擠,,,,,聖索菲亞（步行 3 分鐘）、藍色清真寺（步行 2 分鐘）,,★★★☆☆（歷史地標，路過順遊即可）,廣場上的三座紀念碑各有千年以上歷史，值得細看碑文浮雕。
4,托普卡匹皇宮,Topkapı Palace,Topkapı Sarayı,土耳其,3,3/15,伊斯坦堡舊城區，聖索菲亞東北側的海角上,,"41.0115°N, 28.9833°E",09:00–18:00（冬季至 16:45）；週二休館,成人約 750 TL，後宮另計約 350 TL（2025 年參考價）,2–3 小時（含後宮）,,,,,,,,,皇宮由四個庭院和後宮組成，有「土耳其紫禁城」之稱。世界上最大的宮殿式博物館之一。收藏包括先知遺物、鄂圖曼珠寶（含 86 克拉「製匙者之鑽」）、中國瓷器等。,鄂圖曼帝國蘇丹皇宮（1465–1856 年）→ 博物館（1924 年起）,,製匙者之鑽（Spoonmaker's Diamond）、托普卡匹匕首、先知穆罕默德遺物室,行程第 3 天，跑馬場之後前往,建議上午前往，下午人潮較多,無特殊要求，但走路較多建議穿舒適鞋,珠寶室與先知遺物室內禁止拍照,旺季排隊可達 1 小時，建議購買博物館通票或線上預約,宮殿區域大、地面有石板路，注意腳步,,,,聖索菲亞（步行 5 分鐘）、聖伊蓮娜教堂（位於皇宮第一庭院內）,,★★★★★（鄂圖曼帝國的權力核心，博物館級體驗）,後宮內部精美的伊茲尼克瓷磚不可錯過。建議先參觀後宮再逛四個庭院。
5,聖伊蓮娜教堂,Hagia Eirene,Hagia Irene / 神聖和平教堂,土耳其,3,3/15,伊斯坦堡，托普卡匹皇宮第一庭院內,,"41.0108°N, 28.9815°E",09:00–17:00（特展或音樂會期間可能調整）,約 300 TL（可能包含在皇宮通票內）,30–45 分鐘,,,聖伊蓮娜教堂是君士坦丁堡最早興建的教堂之一，「Eirene」在希臘語中意為「和平」。主後 381 年，第二次大公會議（君士坦丁堡大公會議）即在此召開，確立了尼西亞信經的最終版本。教堂從未被改建為清真寺，是伊斯坦堡唯一持續保持教堂原貌的拜占庭建築。,,拜占庭帝國（約主後 4 世紀始建）,作為第二次大公會議的舉辦地，聖伊蓮娜教堂見證了基督教教義的確立。其內部極簡的十字架馬賽克（而非人像），反映了早期教會對偶像崇拜的警覺。,,,內部保存一面巨大的黑色十字架馬賽克鑲嵌畫，可追溯至破壞聖像運動時期（主後 8 世紀）。這是伊斯坦堡極少數未經鄂圖曼改建的拜占庭教堂。,君士坦丁大帝時期始建（4 世紀）→ 查士丁尼重建（6 世紀）→ 鄂圖曼時期作為軍械庫 → 現為博物館及音樂廳,,半圓頂的黑色十字架馬賽克（破壞聖像運動時期遺存）,行程第 3 天，托普卡匹皇宮園區內參觀,,無特殊要求,一般可拍照,遊客不多，相對清靜,,,,,聖索菲亞（步行 5 分鐘）,,★★★★☆（極簡之美，早期教會歷史的活見證）,內部極簡的空間與巨大十字架形成強烈視覺震撼。因位於皇宮庭院內，常被遊客忽略，值得專程進入。
6,藍色清真寺,Blue Mosque,Sultan Ahmed Mosque / 蘇丹艾哈邁德清真寺,土耳其,3,3/15,伊斯坦堡舊城區，聖索菲亞正對面,,"41.0054°N, 28.9768°E",每日開放（五次禮拜時段除外），約 08:30–11:30、13:00–14:30、15:30–16:45,免費（接受捐獻）,30–45 分鐘,,,,,,,,,"蘇丹艾哈邁德一世為使其成為帝國代表建築，內部裝飾使用超過 20,000 片伊茲尼克（İznik）手工瓷磚。這些瓷磚以藍色花紋為主調，因此得名「藍色清真寺」。它是世界上唯一擁有六座宣禮塔的清真寺（建造時引發爭議，因當時只有麥加的清真寺有六座）。",1609–1616 年建造 → 歷經多次修繕 → 至今仍為活躍的清真寺,,"超過 20,000 片伊茲尼克藍色花紋瓷磚、260 扇彩色玻璃窗",行程第 3 天，伊斯坦堡歷史城區巡禮的最後一站,建議避開禮拜時間；上午光線透過 260 扇彩色玻璃窗最為壯觀,需脫鞋；女性需戴頭巾、遮蓋肩膀與膝蓋（入口免費提供）,可拍照，禮拜時段禁止,非常擁擠，建議開門即到或中午短暫較少人時段,,入口有無障礙通道,,,聖索菲亞（對面步行 3 分鐘）,,★★★★★（伊斯坦堡天際線的代表，內部瓷磚美不勝收）,站在中庭抬頭看穹頂，藍色瓷磚在自然光中流轉，令人屏息。
7,達達尼爾海峽,Dardanelles Strait,韃靼海峽 / 恰納卡萊海峽,土耳其,4,3/16,土耳其西北部，小亞細亞半島與巴爾幹半島之間,,"40.2°N, 26.4°E",,,渡輪約 25–30 分鐘,,,,,,,,,一戰時期的加里波利戰役（Gallipoli Campaign）使此地成為重要的戰爭紀念地。恰納卡萊（Çanakkale）海岸至今保留大量砲台與紀念碑。,古代通商航道 → 波斯帝國薛西斯渡海遠征（前 480 年）→ 加里波利戰役（1915 年）→ 現代國際航道,,,行程第 4 天，從伊斯坦堡前往恰納卡萊途中,任何季節皆可，春季海面平靜,,,,渡輪上風大，注意保暖與隨身物品,,,Kolin Hotel 或同級（5 星，恰納卡萊）,,,★★★★☆（橫跨歐亞的獨特體驗）,站在渡輪甲板上看兩岸風景，感受歐亞交界的壯闊。建議帶件外套，海風很大。
8,特洛伊遺址,Troy,Truva / 特洛伊古城,土耳其,4,3/16,土耳其恰納卡萊省，希沙利克（Hisarlık）,,"39.9574°N, 26.2389°E",每日 08:30–19:00（冬季至 17:00）,成人約 200 TL,1.5–2 小時,,,,,,,,,1870 年代德國考古學家海因里希·施里曼（Heinrich Schliemann）在此發掘，發現了疊壓的九層城市遺跡，跨越約 3000 年歷史。入口處有一座木馬屠城記的大型木馬複製品。1998 年列入世界文化遺產。,特洛伊 I–IX 層（約前 3000 年–主後 500 年）：特洛伊 VI–VIIa 被認為是荷馬史詩中木馬屠城的時代,,施里曼發現的「普里阿摩斯寶藏」（原件現存俄羅斯）、城牆遺跡、木馬複製品,行程第 4 天，渡過海峽後前往,上午光線最佳且人少,戶外遺址，穿舒適步行鞋,,旺季中等人潮,遺址地面不平，注意腳步,部分步道為泥土路，輪椅通行有限,,,,,★★★★☆（荷馬史詩的真實場景，考古學里程碑）,入口的大型木馬可以攀爬拍照。遺址本身需要一些想像力還原古城面貌，建議聽導覽解說。
9,特羅亞,Troas,Alexandria Troas,土耳其,5,3/17,土耳其恰納卡萊省達利安（Dalyan）村附近,亞歷山大特羅亞（Alexandria Troas）,"39.7530°N, 26.1603°E",日出至日落，無正式管理,免費,45–60 分鐘,徒 16:6–12　／　徒 20:1–14　／　林後 2:12　／　提後 4:13,使徒行傳、哥林多後書、提摩太後書,特羅亞是保羅宣教旅程中至關重要的轉折點。第二次宣教旅程中，保羅在此夜間看見異象——一位馬其頓人站著求他說：「請你過到馬其頓來幫助我們！」（徒 16:9）。這個「馬其頓呼聲」促使福音從亞洲跨入歐洲。第三次旅程中，保羅又在此講道直到半夜，少年猶推古因打瞌睡從三樓摔下去死了，保羅使他復活（徒 20:7–12）。保羅也曾在此留下外衣和書卷（提後 4:13）。,保羅、路加、西拉、提摩太、猶推古,初代教會（主後 50 年代）,特羅亞是福音從亞洲傳到歐洲的起航點，具有極其重大的宣教史意義。聖靈先「關門」（禁止保羅在亞細亞講道、不許往庇推尼去），再在特羅亞「開門」——以馬其頓異象指明方向。這提醒我們：上帝的引導有時透過阻攔來預備更大的使命。,你生命中有沒有一個「特羅亞時刻」——意外的轉向，卻帶來更大的使命？,保羅在特羅亞的經歷如何改變了整個世界歷史的走向？ ｜ 面對不確定的方向，你如何分辨聖靈的帶領？,遺址面積廣大但尚在發掘中，可見羅馬時期的城牆、浴場和港口遺跡。古代港口已淤塞退縮。,希臘化時期城市 → 羅馬殖民地 → 拜占庭 → 荒廢,高（使徒行傳記載與考古證據吻合）,,行程第 5 天第一站,上午，遺址無遮蔽,戶外遺址，帽子與防曬不可少,,遊客稀少，非常清靜,遺址粗獷原始，注意石塊與凹凸地面,,,,古城亞朔（Assos，約 30 分鐘車程）,,★★★★★（福音進入歐洲的起點，宣教史聖地）,遺址雖不如以弗所壯觀，但正因遊客稀少，更能靜靜感受保羅當年領受異象的震撼。
10,古城亞朔,Assos,,土耳其,5,3/17,土耳其恰納卡萊省貝赫拉姆（Behramkale）村,亞朔（Assos）,"39.4908°N, 26.3385°E",日出至日落,約 100 TL,1–1.5 小時,徒 20:13–14,使徒行傳,保羅第三次宣教旅程回程時，從特羅亞步行到亞朔（約 30 公里的古道），與同工在此會合後，一同乘船前往米利都，最終返回耶路撒冷（徒 20:13–14）。保羅選擇獨自步行而非搭船，可能是為了安靜禱告與思考。這段路被稱為「保羅古道」。,保羅,初代教會（主後 57 年左右）,保羅選擇獨自步行古道，顯示即使在忙碌的事奉中，他仍渴望安靜獨處的時光。這提醒服事者也需要退到曠野的時刻。,在忙碌的生活節奏中，你有為自己保留「獨自步行」的安靜時光嗎？,保羅為什麼選擇步行而非搭船？這對你有什麼啟發？,亞朔位於海拔 238 公尺的火山岩上，保存有古希臘雅典娜神殿（前 6 世紀）遺跡。亞里士多德曾在此建立學院並居住三年。,前 7 世紀希臘殖民城邦 → 亞里士多德學院（前 347 年）→ 羅馬時期 → 拜占庭 → 鄂圖曼,,雅典娜神殿的多利亞式柱廊（部分仍矗立）,行程第 5 天第二站，特羅亞之後前往,傍晚日落時分景色最美,戶外遺址，舒適步行鞋,,遊客不多,山路陡峭，注意行走安全,,,Ramada Resort Kazdağları Thermal & Spa 或同級,特羅亞（Troas，約 30 分鐘車程）,亞朔村落的橄欖油與手工皂,★★★★☆（愛琴海景觀壯麗，保羅古道的感動）,從山丘俯瞰愛琴海的景色令人難忘。親自走一段保羅古道，感受使徒顛沛流離的宣教之路。
11,別迦摩,Pergamum,Pergamon,土耳其,6,3/18,土耳其伊茲密爾省貝爾加馬（Bergama）市,別迦摩（Pergamon）,"39.1317°N, 27.1839°E",衛城 08:30–19:00（冬季至 17:00）；艾斯克雷比昂 08:30–19:00,衛城與艾斯克雷比昂各約 200 TL；纜車另計,2–3 小時（上城 + 下城）,啟 2:12–17,啟示錄,別迦摩是啟示錄七教會中的第三封書信對象。主耶穌稱別迦摩為「有撒但座位之處」（啟 2:13），一般認為指的是山頂上巨大的宙斯祭壇。在這裡信徒安提帕為信仰殉道（啟 2:13），成為啟示錄中唯一被點名的殉道者。別迦摩曾是亞細亞省首府，擁有古代第二大圖書館（僅次於亞歷山大城），藏書約二十萬卷。「羊皮紙」（parchment）一詞即源於別迦摩之名。,安提帕（殉道者）,希臘化時期至羅馬帝國（前 3 世紀–主後 1 世紀末）,在「撒但座位之處」仍持守信仰，是別迦摩教會的見證。主稱讚他們「持守我的名，沒有棄絕我的道」。但也責備他們容忍了巴蘭和尼哥拉黨的教訓。這提醒信徒在世俗壓力下既要勇於持守，也要警覺妥協的危險。,在你的生活環境中，有什麼是你需要持守信仰不妥協的「撒但座位」？,安提帕在這座城中為主殉道，他的信心如何激勵你？ ｜ 啟示錄說主要賜「隱藏的嗎哪」和「白石」給得勝者，你認為這代表什麼？,宙斯祭壇原件已於 19 世紀被德國運往柏林，現藏於柏林別迦摩博物館。衛城遺跡包括全世界最陡峭的古劇場（可容納一萬人）。下城的艾斯克雷比昂（Asklepion）是古代著名的醫療中心，被稱為世界上最早的精神療養院。,別迦摩王國首都（前 3–前 2 世紀）→ 羅馬亞細亞省首府 → 拜占庭 → 鄂圖曼,,宙斯祭壇基座遺址（原件在柏林）、圖拉真神殿、亞底米神殿遺跡,行程第 6 天第一站,上午搭纜車上衛城，風景最好,戶外遺址，舒適鞋；搭纜車注意風大,,中等，纜車可能需排隊,衛城山頂風大，注意邊緣安全,,,,推雅推喇（約 1.5 小時車程）,,★★★★★（啟示錄七教會之一，「撒但座位」的震撼）,站在衛城俯瞰平原的視角令人震撼。搭纜車上山時可一覽全城。建議先上城再下城。
12,推雅推喇,Thyatira,現今阿克希薩爾 Akhisar,土耳其,6,3/18,土耳其馬尼薩省阿克希薩爾市（Akhisar）中心,推雅推喇（Thyatira）,"38.9167°N, 27.8333°E",,免費（露天遺址位於現代城市中心）,30–45 分鐘,啟 2:18–28　／　徒 16:14,啟示錄、使徒行傳,推雅推喇是啟示錄七教會的第四封書信對象，也是使徒行傳中提到的呂底亞的家鄉。呂底亞是一位賣紫色布匹的婦人，在腓立比聽保羅講道後受洗歸主，成為歐洲第一位基督徒（徒 16:14）。推雅推喇古代是亞細亞「郵政大道」的第一站，郵件往往在天未亮、仍見晨星時就由此分送各地。主耶穌對得勝者說：「我要把晨星賜給他」（啟 2:28），推雅推喇人一聽便明白其中的深意。,呂底亞（歐洲第一位基督徒）,初代教會（主後 1 世紀）,主耶穌以「眼目如火焰、腳像光明銅」的形象向推雅推喇教會顯現，稱讚他們的愛心、信心、勤勞、忍耐，卻責備他們容忍假先知「耶洗別」引誘信徒犯罪。「晨星」的應許象徵基督自己（啟 22:16），也呼應這座「破曉送信」之城的獨特身分。,在信仰群體中，你如何分辨真假教導？你是否有勇氣不容忍偏離真理的聲音？,呂底亞從推雅推喇來到腓立比做生意，卻在那裡遇見了福音。你生命中的「意外相遇」是什麼？ ｜ 主說「我要把晨星賜給他」，這個應許對你有什麼意義？,遺址位於現代城市中心，規模不大。可見羅馬時期的柱廊與建築基礎殘跡。,希臘化時期 → 羅馬帝國 → 被現代城市覆蓋,,,行程第 6 天第二站，別迦摩與士每拿之間,,,,遊客很少,,,,,別迦摩（北方約 1.5 小時）、士每拿（南方約 1.5 小時）,,★★★☆☆（遺址規模較小，但聖經意義重大）,遺址在現代商業區中，規模不大但不可跳過——這裡是呂底亞的故鄉。
13,士每拿,Smyrna,現今伊茲密爾 İzmir,土耳其,6,3/18,土耳其第三大城伊茲密爾（İzmir）市中心,士每拿（Smyrna），意為「沒藥」,"38.4192°N, 27.1287°E（古市集遺址 Agora）",古市集（Agora）08:30–19:00（冬季至 17:00）,古市集約 100 TL,45–60 分鐘,啟 2:8–11,啟示錄,「士每拿」原意為「沒藥」，人們稱之為「亞細亞的冠冕」。士每拿教會是啟示錄七教會中僅有的兩間未被責備的教會之一（另一間是非拉鐵非）。主耶穌對士每拿教會說：「你將要受的苦你不用怕……你務要至死忠心，我就賜給你那生命的冠冕。」（啟 2:10）。早期教父坡旅甲（Polycarp）是使徒約翰的門徒，擔任士每拿主教，於主後 155 年在此殉道，被活活燒死時仍堅不否認主名。,坡旅甲（Polycarp，使徒約翰門徒、士每拿主教、殉道者）,初代教會至早期教父時期（主後 1–2 世紀）,士每拿教會雖然貧窮、受苦，主卻說他們是「富足的」（啟 2:9）。沒藥是用於膏抹死者的香料，士每拿教會的名字本身就預示了他們將經歷苦難。然而「至死忠心」的教會得到生命冠冕的應許。這教導我們：信仰的富足不在物質，而在對主的忠心。,在順境中容易跟隨主，但在逼迫或患難中呢？你願意為信仰付出什麼代價？,坡旅甲在火焰中說出「八十六年來我事奉基督，祂從未虧待我」。這句話如何激勵你？ ｜ 主說士每拿教會「你是貧窮的，卻是富足的」。你如何理解信仰中的「貧窮」與「富足」？,古市集（Agora）是士每拿唯一保存至今的希臘羅馬遺跡。可見修復的科林斯式柱廊、拱廊建築基礎，以及仍在運作的古羅馬飲水系統。,前 3000 年最早聚落 → 希臘城邦 → 羅馬時期重建 → 拜占庭 → 鄂圖曼 → 現代伊茲密爾,高（啟示錄記載與歷史文獻吻合）,科林斯式柱廊（完整的柱冠）、羅馬時期飲水系統（至今仍在運作）,行程第 6 天第三站,下午，遺址周圍咖啡廳可小歇,一般穿著即可,,遊客不多，現代城市包圍中的安靜遺址,,,,Kaya İzmir Thermal & Convention（5 星）,以弗所（南方約 1 小時車程）,,★★★★☆（未被責備的教會，坡旅甲殉道之城）,遺址規模不大但氣氛寧靜。仍在運作的羅馬飲水系統是意外亮點。
14,撒狄,Sardis,,土耳其,7,3/19,土耳其馬尼薩省薩爾特（Sart）村,撒狄（Sardis），呂底亞王國首都,"38.4875°N, 28.0400°E",08:30–19:00（冬季至 17:00）,約 100 TL,1.5–2 小時,啟 3:1–6,啟示錄,撒狄是呂底亞王國的首都，歷史上第一座鑄造金幣與銀幣的城市。傳奇的克羅索斯王（Croesus）以其驚人財富聞名於世。然而主耶穌對撒狄教會的評語極為嚴厲：「你按名是活的，其實是死的」（啟 3:1）。撒狄城位於懸崖峭壁上，因地勢險要而自恃安全，卻兩次因疏於防守而被敵人夜間攀爬城牆攻破。主耶穌警告：「若不儆醒，我必臨到你那裡，如同賊一樣。」,克羅索斯王（呂底亞末代國王，以富有著稱）,呂底亞王國（前 7–前 6 世紀）至初代教會（主後 1 世紀末）,撒狄教會的警告直指「有名無實」的信仰危機。外表繁榮的教會可能內裡已經死去。正如撒狄城因自恃安全而被攻破，信徒若不儆醒，信仰同樣會從內部瓦解。但主也安慰：仍有少數人「未曾污穢自己的衣服」，他們要穿白衣與主同行。,你的信仰是「有名是活的」還是真正活潑有力？有什麼需要「儆醒」的地方？,撒狄城兩次因自恃安全而被攻破。在你的信仰生活中，有什麼是你認為「穩如泰山」卻可能疏忽的？ ｜ 「仍有幾名未曾污穢自己衣服的」——在一個沉睡的信仰環境中，你如何做那少數醒著的人？,遺址包括小亞細亞最大的綜合體育館（gymnasium）與最完整的猶太會堂遺跡，後者可容納上千人。還有一座規模僅次於以弗所的亞底米神殿遺跡。拜占庭時期的小教堂緊鄰神殿。,呂底亞王國首都 → 波斯帝國（皇家大道終點）→ 希臘化 → 羅馬 → 拜占庭 → 荒廢,高,猶太會堂馬賽克地板、亞底米神殿殘柱、呂底亞金幣出土遺跡,行程第 7 天第一站,上午光線最佳,戶外遺址，舒適步行鞋,,遊客適中,,,,,非拉鐵非（東南約 45 分鐘車程）,,★★★★★（啟示錄七教會之一，猶太會堂遺跡令人驚嘆）,猶太會堂的規模之大超乎想像，馬賽克地板保存完好。亞底米神殿旁的小教堂形成有趣的信仰對比。
15,非拉鐵非,Philadelphia,現今阿拉謝希爾 Alaşehir,土耳其,7,3/19,土耳其馬尼薩省阿拉謝希爾市（Alaşehir）,非拉鐵非（Philadelphia），意為「弟兄之愛」,"38.3539°N, 28.5175°E",,免費（露天遺址散布於現代城鎮中）,30–45 分鐘,啟 3:7–13,啟示錄,非拉鐵非原意為「弟兄之愛」，被稱為「神的城」。主耶穌對非拉鐵非教會說：「我在你面前給你一個敞開的門，是無人能關的」（啟 3:8）。這是啟示錄七教會中另一間未被主責備的教會。主稱讚他們：「你略有一點力量，也曾遵守我的道，沒有棄絕我的名。」,（無特定聖經人物記載）,希臘化時期至初代教會（前 2 世紀–主後 1 世紀末）,非拉鐵非教會只有「一點力量」，卻得到主最大的稱讚和應許。這鼓勵每一位覺得自己微小的信徒——上帝不看重能力大小，而看重是否忠心。主為他們敞開的門，無人能關。「弟兄之愛」的城名也提醒教會應有的核心特質。,你是否因覺得自己「只有一點力量」而灰心？上帝為你敞開了什麼門？,主說「我在你面前給你一個敞開的門，是無人能關的」。你認為這扇門對你來說是什麼？ ｜ 非拉鐵非的名字意為「弟兄之愛」，你的信仰群體如何實踐彼此相愛？,遺址散布在現代城鎮中，可見拜占庭時期教堂牆壁殘跡與部分柱廊。保存狀況一般。,別迦摩王國建城 → 羅馬 → 拜占庭（教會持續至 14 世紀）→ 鄂圖曼,,,行程第 7 天第二站，撒狄之後,,,,遊客極少,,,,,撒狄（西北約 45 分鐘）、希拉波立/棉花堡（東南約 2 小時）,,★★★☆☆（遺址不多，但「弟兄之愛」的屬靈意義深遠）,現代小鎮氣氛親切。遺址規模不大，但在此默想「敞開之門」的應許別有感動。
16,希拉波立 / 棉花堡,Hierapolis,Pamukkale,土耳其,7,3/19,土耳其代尼茲利省棉花堡鎮,希拉波立（Hierapolis，意為「聖城」）,"37.9262°N, 29.1243°E",每日 06:30–21:00（季節調整）,約 700 TL；古溫泉池（Antique Pool）另計約 200 TL,2–3 小時（含棉花堡石灰岩台地與古城遺跡）,西 4:13,歌羅西書,使徒保羅的同工以巴弗在歌羅西、老底嘉和希拉波立三座城市之間服事。保羅在歌羅西書中提到以巴弗「為你們和老底嘉並希拉波立的弟兄多多地勞苦」（西 4:13）。希拉波立古城是希臘羅馬時代的溫泉療養聖地，城中有使徒腓力（Philip）的墓。1988 年希拉波立與棉花堡一同列為世界文化遺產。,使徒腓力（Philip）、以巴弗（Epaphras）,希臘化時期至拜占庭（前 190 年起）,希拉波立的溫泉水是溫的——既不像老底嘉的冷水可以解渴，也不像棉花堡源頭的熱水可以治療。啟示錄對老底嘉教會的責備「你也不冷也不熱」可能正是以此區域的溫泉為背景。這提醒信徒：信仰不能不冷不熱。,你的信仰生活是火熱的、冰冷的，還是不冷不熱的溫水？,使徒腓力為什麼選擇在希拉波立終老？這座城市有什麼吸引力？ ｜ 棉花堡的白色石灰岩台地被稱為「棉花城堡」，你覺得上帝創造的自然奇觀如何彰顯祂的榮耀？,古城遺跡包括保存最完整的羅馬劇場之一（可容納一萬二千人）、大浴場、城門、墓園（Necropolis，超過 1200 座墓）。2011 年考古團隊發現被認為是使徒腓力之墓的八角形紀念堂遺跡。,別迦摩王國時期建城 → 羅馬溫泉療養城市 → 拜占庭基督教中心 → 地震後衰落,,使徒腓力墓遺跡（八角形紀念堂）、羅馬劇場、溫泉浴場,行程第 7 天第三站，也是當日重頭戲,傍晚日落時分棉花堡石灰台地最美；古溫泉池中午溫度最舒適,在棉花堡石灰岩台地需赤腳行走（禁止穿鞋）；建議攜帶塑膠袋裝鞋,無特殊限制,旺季非常擁擠，建議清晨或傍晚造訪,石灰岩台地濕滑，赤腳行走務必注意；溫泉池底有古柱散布，小心碰撞,部分步道無障礙，但赤腳區域輪椅不便,棉花堡鎮上有多家餐廳，以土耳其烤肉和在地料理為主,Pamukkale Kaya Thermal Spa Hotel,老底嘉（約 10 分鐘車程）、歌羅西（約 20 分鐘車程）,棉花堡溫泉護膚品、石灰岩紀念品,★★★★★（世界文化遺產級自然奇觀 + 聖經遺跡，必訪）,棉花堡的白色石灰岩台地有種讓人「失語」的美感——超乎文字影像之上。建議帶泳衣在古溫泉池中泡水，水下散落著古羅馬石柱。
17,老底嘉,Laodicea,,土耳其,8,3/20,土耳其代尼茲利省，距代尼茲利市中心約 6 公里,老底嘉（Laodicea ad Lycum）,"37.8360°N, 29.1081°E",08:30–19:00（冬季至 17:00）,約 200 TL,1–1.5 小時,啟 3:14–22　／　西 2:1　／　西 4:13–16,啟示錄、歌羅西書,老底嘉是啟示錄七教會的最後一封書信對象，也是最嚴厲的一封。主耶穌說：「你既如溫水，也不冷也不熱，我必從我口中把你吐出去」（啟 3:16）。老底嘉以富有聞名，是銀行、黑羊毛紡織和眼藥水的產業中心，居民富裕到地震後拒絕羅馬帝國援助而自行重建。然而主說他們「是那困苦、可憐、貧窮、瞎眼、赤身的」。主也在此發出最溫柔的邀請：「看哪，我站在門外叩門，若有聽見我聲音就開門的，我要進到他那裡去，我與他、他與我一同坐席。」（啟 3:20）,以巴弗（Epaphras，歌羅西書中提到的同工）,希臘化時期至初代教會（前 3 世紀–主後 1 世紀末）,老底嘉教會的警告是對物質富足卻靈性貧乏的教會最深刻的提醒。城市的三大特產——金銀、黑羊毛衣、眼藥水——恰好對應主的三個建議：向我買「火煉的金子」、穿「白衣」、用「眼藥」擦眼睛（啟 3:18）。「不冷不熱」的比喻與當地水源有關：希拉波立的熱水可治病、歌羅西的冷泉可解渴，但流到老底嘉的水已變溫，什麼用處都沒有。,物質上的富足是否讓你忽略了靈性上的需要？你是否聽見主在門外叩門的聲音？,「我站在門外叩門」——主為什麼站在教會的門外？這幅畫面對你有什麼衝擊？ ｜ 老底嘉人自認「我是富足，已經發了財，一樣都不缺」，你生命中有類似的盲點嗎？,近年大規模考古發掘揭露了壯觀的敘利亞大道（Syria Street）、大劇場（可容納一萬五千人）、體育場、教堂遺跡和先進的水管系統。水管內的�ite沉積物印證了「溫水」的經文背景。,塞琉古帝國建城（前 261 年）→ 羅馬時期繁榮 → 拜占庭基督教中心 → 地震後逐漸荒廢,高（水管沉積物、城市財富記錄均印證聖經描述）,敘利亞大道、水管石灰沉積物（印證「溫水」）、劇場、教堂遺跡,行程第 8 天第一站,上午光線好，且可避開正午高溫,戶外遺址，帽子和防曬必備,,中等,遺址面積大，石板路面不平,,,,希拉波立/棉花堡（約 10 分鐘）、歌羅西（約 15 分鐘）,,★★★★★（啟示錄七教會完結篇，「叩門」的經典場景）,走進老底嘉時先被廣闊潔白的敘利亞大道震攝，可見昔日城市規模之龐大。與希拉波立、歌羅西隔河相望，三城形成大都會區。
18,使徒約翰之墓及教會遺址,Basilica of St. John,,土耳其,8,3/20,土耳其伊茲密爾省塞爾丘克（Selçuk）鎮，阿亞索魯克山丘上,,"37.9517°N, 27.3673°E",08:30–18:30（冬季至 17:00）,約 200 TL,45–60 分鐘,約翰福音（整卷）／　啟示錄（整卷）,約翰福音、約翰一二三書、啟示錄,據考約翰兩次來到以弗所。第一次約在主後 37–48 年間，離開迦南地，在此奉養耶穌的母親馬利亞直到她終老。第二次約在主後 95 年，在此撰寫約翰福音。查士丁尼大帝於 6 世紀在約翰墓地上興建了一座宏偉的大教堂（Basilica），規模可比美聖索菲亞。,使徒約翰（耶穌所愛的門徒）、聖母馬利亞,初代教會（主後 1 世紀）；大教堂建於 6 世紀,使徒約翰是十二門徒中唯一壽終正寢的，在以弗所度過晚年並寫下約翰福音與啟示錄。他的墓地成為早期基督教最重要的朝聖地之一。約翰在福音書中強調「上帝就是愛」，這份愛的信息從以弗所傳遍世界。,,約翰在年老時仍持續寫作和教導。你如何在人生的每個階段保持信仰的活力？,大教堂遺跡可見壯觀的十字形平面結構、大理石柱基和磚砌拱門。中央傳說為約翰墓所在之處，有一個凹陷的墓穴。2015 年修復工程中發現更多拜占庭壁畫碎片。,使徒約翰墓（1 世紀）→ 早期紀念堂 → 查士丁尼大教堂（6 世紀）→ 塞爾柱城堡 → 遺址,,墓穴遺跡、大教堂馬賽克地板殘片、大理石柱,行程第 8 天第二站，老底嘉之後,傍晚日落時分山丘上景色最佳,一般穿著即可，穿舒適鞋爬山丘,,遊客適中,,,,,以弗所（山丘下方約 3 公里）,,★★★★★（使徒約翰安息之地，信仰朝聖重要一站）,站在山丘頂俯瞰以弗所平原，想像老約翰在此度過晚年，令人感動。傍晚光線中的斷壁殘柱特別有氛圍。
19,以弗所,Ephesus,Efes,土耳其,8,3/20,土耳其伊茲密爾省塞爾丘克鎮,以弗所（Ephesus）,"37.9411°N, 27.3420°E",08:00–19:00（冬季至 17:00）；山坡屋（Terrace Houses）另有時段,約 600 TL；山坡屋另計約 300 TL,2–3 小時,徒 18:19–24　／　徒 19:1–35　／　徒 20:16–29　／　林前 15:32、16:8　／　提前 1:3　／　提後 1:18、4:12　／　啟 2:1–7,使徒行傳、哥林多前書、以弗所書、提摩太前後書、啟示錄,2015 年列入世界遺產。以弗所是初代教會最重要的中心之一。保羅在第二次宣教旅程路過此地，第三次旅程則在此停留約三年，期間完成了哥林多前書的撰寫。在以弗所發生了著名的銀匠底米丟暴動事件——因保羅的傳道導致亞底米女神銀龕的生意下滑（徒 19 章）。保羅離開前在米利都與以弗所長老動情告別（徒 20:17–38）。以弗所也是啟示錄七教會的第一封書信對象，主責備他們「離棄了起初的愛心」。,保羅、亞居拉與百基拉、亞波羅、底米丟（銀匠）、提摩太,希臘化至羅馬時期；初代教會（主後 1 世紀）,以弗所教會從保羅時代的火熱，到啟示錄時代被責備「離棄起初的愛心」，是一個對所有教會的深刻警惕。服事再勞苦、教義再正確，若失去了對基督起初的愛，一切都失去了根基。主呼籲：「應當回想你是從哪裡墜落的，並要悔改，行起初所行的事。」（啟 2:5）,你是否還記得最初認識基督時的感動和熱情？如何回到「起初的愛心」？,保羅在以弗所服事三年，你認為他最大的成就和最大的挑戰是什麼？ ｜ 「離棄起初的愛心」——這對你個人的信仰生活有什麼警醒？,"亞洲保存最好的羅馬古城之一。主要遺跡包括：塞爾蘇斯圖書館（Library of Celsus）、可容納 24,000 人的大劇場（底米丟暴動發生地）、庫里特斯大道、赫丘力士之門、哈德良神殿、公共浴場、山坡屋（富人住宅，馬賽克地板精美）。",希臘殖民城邦（前 10 世紀）→ 呂底亞 → 波斯 → 希臘化 → 羅馬（亞細亞省首府）→ 拜占庭 → 港口淤塞後衰落,高（大劇場、市集等考古發現完全印證使徒行傳記載）,塞爾蘇斯圖書館立面（完整修復）、大劇場、山坡屋馬賽克與壁畫,行程第 8 天第三站，當日重頭戲,上午開門即入，避開旅遊團人潮；或傍晚最後 2 小時較少人,戶外遺址，帽子防曬，舒適步行鞋；夏季非常炎熱,無特殊限制,全年遊客極多，旺季擁擠,石板路濕滑時注意腳步；遺址內無遮蔽注意防曬補水,主要大道可輪椅通行，但部分區域有階梯,,Hotel Charisma De Luxe 或同級（5 星）,使徒約翰之墓（上方山丘）、聖母馬利亞之家（約 7 公里）,以弗所複製幣紀念品、當地橄欖油,★★★★★（土耳其最重要的考古遺跡，聖經名城之最）,沿著羅馬大道走向塞爾蘇斯圖書館的那一刻令人屏息。站在大劇場中想像底米丟暴動的場景，新約聖經彷彿活了過來。建議加購山坡屋門票。
20,拔摩島,Patmos,,希臘,9,3/21,希臘多德卡尼斯群島（Dodecanese），愛琴海東南部,拔摩（Patmos）,"37.3224°N, 26.5478°E",,,郵輪停靠約 5 小時（16:00–21:00）,啟 1:9–21,啟示錄,「我約翰就是你們的弟兄，和你們在耶穌的患難、國度、忍耐裡一同有份，為神的道，並為給耶穌作的見證，曾在那名叫拔摩的海島上。」（啟 1:9）使徒約翰在羅馬皇帝多米田（Domitian）執政期間，約主後 95 年被放逐到這座荒涼小島。然而正是在這座流放之島上，約翰領受了聖經最後一卷書——啟示錄——的異象。,使徒約翰,初代教會（主後 95 年左右）,拔摩島見證了一個深刻的屬靈真理：流放之地可以成為啟示之所。約翰在患難中不是被隔絕於上帝之外，反而更深地進入了神聖的異象。啟示錄的開篇就宣告了基督的掌權：「不要懼怕！我是首先的，我是末後的，又是那存活的。」（啟 1:17–18）,你生命中的「拔摩島」——那個被孤立、被限制的處境——是否也可能成為領受啟示的地方？,約翰在流放中仍稱自己是弟兄們「在患難、國度、忍耐裡一同有份」的。這種群體意識如何幫助你度過孤獨的時刻？ ｜ 啟示錄的異象是在最黑暗的處境中賜下的。你在困難中曾經歷過上帝特別的同在嗎？,島上最重要的遺跡是聖約翰修道院與啟示錄洞窟，1999 年一同被聯合國教科文組織列為世界遺產。,,,,行程第 9 天，郵輪停靠,傍晚抵達，島上光線柔和,進入修道院與洞窟需穿著保守（遮蓋肩膀和膝蓋）,,,上山道路陡峭，可搭巴士或計程車上山,,,,聖約翰修道院、啟示錄洞窟（均在島上）,,★★★★★（啟示錄誕生之地，基督教朝聖聖地）,從海上遠眺拔摩島時的感動難以言喻。時間有限，建議直接搭車上山先看修道院和洞窟。
21,聖約翰修道院,Monastery of Saint John the Theologian,,希臘,9,3/21,希臘拔摩島（Patmos）最高點霍拉（Chora）,,"37.3116°N, 26.5473°E",每日 08:00–13:30，部分日加開 16:00–18:00（季節調整）,免費或小額捐獻,30–45 分鐘,啟 1:9–21,啟示錄,興建於 1088 年，由蒙福者赫里斯托杜洛斯（Christodoulos）在拜占庭皇帝阿歷克塞一世的資助下建造。這座希臘正教修道院位於拔摩島的最高處，俯瞰全島，也是全島各處都可見到的建築物。由於當時拔摩島常面臨海盜威脅，修道院建得像一座碉堡，高大的城牆和塔樓至今保存完好。拜占庭式建築風格，1999 年被聯合國教科文組織列為世界遺產。,使徒約翰,拜占庭帝國（1088 年始建）,修道院建在約翰領受啟示錄異象之島的最高處，象徵信仰的高瞻遠矚。修士們千年來在此持續禱告與抄寫聖經，延續了約翰見證真理的使命。,,,"修道院內保存大量珍貴文物，包括主後 6 世紀的馬可福音手抄本、拜占庭聖像畫、金銀器物和古代手稿。圖書館收藏超過 2,000 件手抄本與 13,000 份文獻。",,,6 世紀馬可福音手抄本、拜占庭聖像畫、古代手稿收藏,行程第 9 天，拔摩島停靠期間,,進入修道院需穿著保守：遮蓋肩膀與膝蓋；入口提供披巾,內部禁止拍照與錄影,郵輪停靠日遊客較多，建議快速前往,上山道路較陡，可搭車或步行,,,,,,★★★★★（世界遺產，千年修道院的莊嚴肅穆）,修道院像一座矗立在海天之間的堡壘，內部幽暗的迴廊與燭光聖像營造出深沉的敬拜氛圍。從城牆上眺望愛琴海令人難忘。
22,啟示錄洞窟,Cave of the Apocalypse,天啟洞穴 Apocalypse Cave,希臘,9,3/21,希臘拔摩島，霍拉與斯卡拉港之間的半山腰,,"37.3165°N, 26.5469°E",每日 08:00–13:30，部分日加開 16:00–18:00,免費,15–20 分鐘,啟 1:9–21,啟示錄,傳統上認為使徒約翰在這個洞穴中住了兩年，在此領受啟示錄的異象並口述給門徒普羅科魯斯（Prochorus）記錄。洞內天花板上垂掛七盞銀燈檯，代表約翰在異象中所見的七盞燈。洞壁上有三道裂縫，據說代表三位一體的上帝。遊客可以看見當時約翰休息時的石枕，以及老約翰禱告後藉力站起來的扶手凹痕。,使徒約翰、普羅科魯斯（Prochorus，記錄者）,初代教會（主後 95 年左右）,這個不起眼的小洞穴誕生了聖經最末一卷——也是最具末世異象的一卷書。上帝選擇在人看為卑微的地方啟示最偉大的真理，正如馬槽中誕生的救主。,上帝往往在你最意想不到的環境中向你說話。你是否準備好在「洞穴」般的處境中聆聽？,約翰在洞穴中看見的異象改變了整個基督教的末世觀。你認為啟示錄最核心的信息是什麼？,,,,石枕（約翰休息處）、扶手凹痕、天花板裂縫（象徵三位一體）、七盞銀燈檯,行程第 9 天，通常在聖約翰修道院之後下山途中參觀,,穿著保守，遮蓋肩膀與膝蓋,洞窟內嚴禁拍照,空間狹小，排隊等候時間視郵輪客流量而定,,洞穴入口有台階，輪椅不便,,,,,★★★★★（啟示錄誕生之地，震撼心靈的朝聖體驗）,洞穴空間非常小，但每一寸都充滿歷史與信仰的重量。安靜地站在約翰曾經領受異象之處，是這趟旅程最深刻的時刻之一。
23,聖托里尼,Santorini,Thera,希臘,10,3/22,希臘基克拉澤斯群島（Cyclades），愛琴海南部,,"36.3932°N, 25.4615°E",,,郵輪停靠約 14 小時（08:00–22:00），導遊帶路自由活動,,,,,,,,,聖托里尼島是一座火山口遺跡。約前 1600 年的米諾斯大爆發（Minoan Eruption）摧毀了島上的文明，形成現今壯觀的月牙形火山口（Caldera）地貌。哲學家柏拉圖著作中「亞特蘭提斯大陸」傳說的源頭之一。南部的阿克羅蒂里（Akrotiri）遺址保存了火山灰下的史前城市，被稱為「愛琴海的龐貝」。,米諾斯文明（前 3000 年）→ 火山大爆發（前 1600 年）→ 希臘殖民 → 拜占庭 → 威尼斯 → 鄂圖曼 → 現代希臘,,,行程第 10 天，郵輪自由活動日,日落時分在伊亞（Oia）觀賞全球最美日落,輕便夏裝，防曬帽與墨鏡必備,,全年遊客極多，尤其日落時段的伊亞人山人海,懸崖邊步道注意安全；纜車排隊時間長，可考慮驢子或步行,,費拉（Fira）與伊亞（Oia）有眾多景觀餐廳，建議提前預約懸崖邊座位,,,聖托里尼火山葡萄酒（Vinsanto）、番茄醬、驢子造型紀念品,★★★★★（全球最浪漫的島嶼之一，火山口景色舉世無雙）,沿著懸崖建立的白色城市、藍頂教堂、火山遺跡——聖托里尼的美讓人不願離開。自由活動日建議安排費拉到伊亞的懸崖步道健行。
24,哥林多,Corinth,Ancient Corinth,希臘,11,3/23,希臘伯羅奔尼撒半島東北部,哥林多（Corinthus）,"37.9060°N, 22.8786°E",08:00–20:00（冬季至 15:00）,約 €12,1.5–2 小時,徒 18:1–18　／　林前（整卷）　／　林後（整卷）,使徒行傳、哥林多前書、哥林多後書,哥林多自古以來是戰略要地，更是古希臘繁華的貿易中心。當地人沉迷於賺錢和拜偶像，形成道德淪喪的生活型態。保羅第二次宣教旅程中首次到訪哥林多，與提摩太、西拉同行。保羅在此停留了 18 個月建立教會，認識了亞居拉和百基拉，與他們一同以製造帳篷為業（徒 18:1–3）。保羅在此期間也寫下了帖撒羅尼迦前後書，後來又從以弗所寫下哥林多前後書。,保羅、亞居拉、百基拉、西拉、提摩太、迦流（亞該亞省長）,初代教會（主後 50–52 年保羅停留期間）,哥林多教會的各種問題（分裂、淫亂、偶像食物、屬靈恩賜的濫用）催生了保羅最深刻的教導，包括林前 13 章的「愛的真諦」。在最混亂的教會中，產生了最偉大的關於愛的篇章。,「如今常存的有信、有望、有愛，其中最大的是愛。」你如何在日常生活中實踐這段最熟悉的經文？,保羅在哥林多停留 18 個月，面對如此多問題卻沒有放棄。你在困難的環境中如何堅持？ ｜ 哥林多教會最大的問題是什麼？這些問題在今天的教會中是否仍然存在？,哥林多古城保存有阿波羅神殿（前 6 世紀，7 根石柱仍屹立）、古市集（Agora）、審判台（Bema）、碧冉泉（Peirene Fountain）、皮瑞尼噴泉、商店遺跡。附近的哥林多運河（1893 年完工）切開地峽，連通愛琴海與愛奧尼亞海。,前 8 世紀希臘城邦 → 前 146 年被羅馬摧毀 → 前 44 年凱撒重建 → 羅馬繁華商港 → 拜占庭 → 鄂圖曼 → 現代,高（審判台、市集等考古發現與使徒行傳吻合）,阿波羅神殿殘柱、審判台（Bema）遺跡、碑文出土物,行程第 11 天第一站，雅典下船後前往,上午，可避免正午高溫,戶外遺址，舒適步行鞋、帽子防曬,,中等,遺址地面不平，注意腳步,,,,審判台（遺址內）、堅革哩（東南約 10 公里）,,★★★★★（保羅宣教重鎮，「愛的真諦」誕生的背景城市）,站在審判台前想像保羅被帶到迦流面前的場景，聖經故事在眼前活了過來。阿波羅神殿的殘柱在藍天下格外壯觀。
25,審判台,Bema,Judgement Seat,希臘,11,3/23,希臘哥林多古城遺址內,,"37.9060°N, 22.8786°E（哥林多古城遺址內）",,包含在哥林多古城門票中,10–15 分鐘（作為哥林多古城參觀的一部分）,徒 18:12–17　／　林後 4:17,使徒行傳、哥林多後書,使徒行傳 18 章 12 節記載：當迦流做亞該亞省長的時候，猶太人同心起來攻擊保羅，將他帶到公堂（Bema）的審判台前。迦流卻拒絕審理此案，認為這只是猶太人宗教律法的問題。現今審判台上有一塊碑文，刻著林後 4:17：「我們這至暫至輕的苦楚，要為我們成就極重無比永遠的榮耀。」,保羅、迦流（亞該亞省長）,初代教會（主後 51 年左右）,迦流的判決意外地保護了保羅和初代教會——因為作為羅馬省長的裁決具有判例效力。此後基督教在法律上暫被視為猶太教的分支而受到保護。上帝透過一個非信徒的官員成就了祂的計畫。,「至暫至輕的苦楚」帶來「極重無比永遠的榮耀」。在你承受壓力的時刻，這句經文如何安慰你？,迦流的判決如何影響了初代教會的發展？上帝如何使用非信徒來成就祂的旨意？,,,高（審判台遺跡的位置與使徒行傳記載完全吻合）,審判台石造平台遺跡、林後 4:17 碑文,行程第 11 天，哥林多古城參觀中的重要停留點,,,,,,,,,,,★★★★☆（聖經場景的直接考古印證）,站在這座審判台前，想像保羅面對控告時的從容——這裡是新約歷史活生生的見證。
26,堅革哩,Cenchreae,Kechries,希臘,11,3/23,希臘哥林多東南方約 10 公里，薩羅尼克灣沿岸,,"37.8833°N, 22.9933°E",,免費（海岸遺址）,20–30 分鐘,徒 18:18　／　羅 16:1,使徒行傳、羅馬書,堅革哩是哥林多的東部港口，面向愛琴海。保羅在哥林多事工結束後，從堅革哩海路前往敘利亞。保羅在此剪髮還願（徒 18:18），顯示他仍遵守猶太人的某些傳統。保羅在羅馬書中也推薦了堅革哩教會的女執事非比（Phoebe），稱她是「眾人的幫助者」（羅 16:1–2）。非比被認為是將保羅的羅馬書親手送到羅馬的信使。,保羅、非比（Phoebe，堅革哩教會女執事）,初代教會（主後 52 年左右）,非比是新約聖經中記載的第一位女執事，保羅不僅信任她擔任教會職分，更託付她攜帶羅馬書這封至關重要的書信。這見證了初代教會中女性的重要角色。,,非比被託付攜帶羅馬書，這份信任對你有什麼啟發？,海岸邊可見羅馬時期港口遺跡，部分建築基礎沉入海中。曾出土早期基督教教堂遺跡和馬賽克地板。,,,,行程第 11 天，哥林多之後短暫停留,,,,遊客極少,,,,,哥林多（西北約 10 公里）,,★★★☆☆（遺址不多，但非比的故事令人感動）,海邊的遺跡安靜而不起眼，但想到保羅從這裡啟航、非比從這裡出發送信，小港口有了不凡的意義。
27,雅典衛城,Acropolis of Athens,,希臘,11,3/23,希臘雅典市中心,,"37.9715°N, 23.7267°E",08:00–20:00（冬季至 17:00）,約 €20（含聯票可參觀多個遺址）,1.5–2 小時,徒 17:15–18:1　／　帖前 3:1,使徒行傳、帖撒羅尼迦前書,1987 年列入世界遺產。雅典衛城位於 70 公尺高的山丘上，最引人注目的是希臘古建築經典代表作——巴特農神殿（Parthenon）。保羅在雅典時看見滿城偶像就心裡著急（徒 17:16），並在市場中與希臘哲學家辯論。保羅站在衛城下方的亞略巴古向雅典人傳講福音。,保羅,古典希臘（前 5 世紀建造）；保羅到訪約主後 50 年,衛城上的眾多神殿代表了希臘多神信仰的巔峰。保羅面對滿城偶像時「心裡著急」，這份對真理的迫切感催生了他在亞略巴古的著名講道。保羅沒有批判希臘文化，而是從他們「未識之神」的祭壇入手，巧妙地將福音與希臘哲學對話。,,保羅看見滿城偶像就「心裡著急」。在現代社會中，什麼是你認為的「偶像」？,衛城建築群包括巴特農神殿（前 447–432 年）、伊瑞克提翁神殿（六少女列柱）、勝利女神殿。衛城博物館收藏大量出土文物。,邁錫尼城堡 → 古典希臘神殿區 → 羅馬 → 拜占庭教堂 → 鄂圖曼清真寺 → 現代遺址保護,,巴特農神殿、伊瑞克提翁少女列柱、衛城博物館藏品,行程第 11 天，堅革哩之後,清晨開門時段或傍晚，避開正午人潮與高溫,舒適步行鞋必備（石板路陡峭）,,全年極度擁擠,石板路濕滑時危險，注意腳步；夏季酷熱需補水防曬,有電梯通往山頂平台，但部分區域輪椅不便,,,,,★★★★★（世界七大奇景之一，西方文明的象徵）,置身世界七大奇景中，不禁讚歎數千年前建築藝術之浩瀚。建議搭配衛城博物館一起參觀。
28,亞略巴古,Areopagus,Mars Hill,希臘,11,3/23,希臘雅典衛城西北方山腳下,,"37.9722°N, 23.7233°E",,免費（戶外岩石山丘）,20–30 分鐘,徒 17:16–34,使徒行傳,亞略巴古是雅典最早的高級法院和主要行政機構的聚會場所。保羅在雅典看見滿城偶像就心裡著急，每日在市場與人辯論。當地的伊壁鳩魯和斯多亞學派的哲學家將保羅帶到這塊大岩石上，要聽他講論「新道理」。保羅在此留下了一段氣勢磅礡的講道：「創造宇宙和其中萬物的神……不住人手所造的殿……我們生活、動作、存留，都在乎他。」（徒 17:24–28）。現今岩石上有一塊石碑，以希臘文刻載著保羅當時傳講的福音內容。,保羅、丟尼修（Dionysius，亞略巴古議員，後信主）、大馬哩（Damaris）,古典希臘至初代教會（主後 50 年左右）,保羅在亞略巴古的講道是基督教護教學的典範。他沒有直接攻擊希臘信仰，而是從希臘人已有的「未識之神」祭壇出發，引用希臘詩人的話，將福音與聽眾的文化背景連結。這提醒傳道者要理解受眾的世界觀，用對方能理解的語言分享真理。,保羅在文化差異巨大的環境中傳講福音，你如何向不同背景的人分享你的信仰？,保羅從「未識之神」切入福音信息的策略對你有什麼啟發？ ｜ 「我們生活、動作、存留，都在乎他」——這句話對你的日常生活有什麼意義？,,,,岩石上的希臘文石碑（刻載徒 17:22–31 保羅講道內容）,行程第 11 天，通常在雅典衛城之後步行前往,傍晚日落時分最佳，可俯瞰雅典全景,攀爬岩石需穿防滑鞋,,日落時段人較多,岩石表面光滑，尤其下雨或露水後極為濕滑，務必小心,需攀爬岩石，輪椅無法到達,,,雅典衛城（步行 5 分鐘）,,★★★★★（保羅最著名講道的現場，必訪朝聖地）,攀上光滑的大岩石，坐在保羅曾經站立的地方，面向衛城讀使徒行傳第 17 章——這是此行最感動的時刻之一。石碑上的希臘文經文值得細看。
29,溫泉關古戰場,Thermopylae,,希臘,12,3/24,希臘中部弗西奧蒂斯州（Phthiotis），拉米亞南方,,"38.7964°N, 22.5367°E",,免費（戶外紀念碑）,20–30 分鐘,,,,,,,,,紀念溫泉關戰役（Battle of Thermopylae），又稱三百勇士之戰。公元前 480 年，斯巴達國王列奧尼達斯帶領 298 名精銳戰士在狹窄的溫泉關隘口迎戰波斯帝國薛西斯大軍，全員戰死，卻以驚人的英勇激勵了希臘人最終贏得波希戰爭的勝利。現場有列奧尼達斯銅像和紀念碑。,波希戰爭（前 480 年）→ 此後多次戰役的戰場 → 現代紀念地,,列奧尼達斯銅像、「旅人啊，請轉告拉刻代蒙人」墓誌碑文,行程第 12 天第一站，前往邁泰奧拉途中,任何時段皆可,,,遊客不多，路過短暫停留,,,,,,,★★★☆☆（歷史戰場紀念碑，路過值得停留拍照）,在列奧尼達斯銅像前想像 2500 年前三百勇士的壯烈。由於地形變化，古代的狹窄隘口如今已看不太出來。
30,邁泰奧拉（天空之城）,Meteora,,希臘,12,3/24,希臘色薩利大區卡蘭巴卡（Kalambaka）鎮上方,,"39.7217°N, 21.6306°E",各修道院開放時間不同，一般 09:00–17:00；每間輪流在不同日休息,每間修道院約 €3,3–4 小時（參觀 2–3 間修道院）,,,1988 年列入世界複合遺產（同時滿足自然與文化遺產標準）。「邁泰奧拉」在希臘語中意為「懸浮在空中」——巨大的砂岩石柱拔地而起，最高達 400 公尺，修道院就建在這些石柱頂端。直到 17 世紀，人員和物資都只能靠繩索和吊籃進出。24 座修道院中有 6 座保存至今，其中 4 座為修士所居，2 座為修女所居。這些修道院建造的目的是傳授希臘東正教知識。,,,,,,最早的隱修士在 11 世紀就來到這些岩石洞穴中修行。14 世紀塞爾維亞入侵期間，修士阿塔納西奧斯（Athanasios）創建了大邁泰奧拉修道院（Great Meteoron），開啟了在石柱頂端建造修道院的傳統。,11 世紀隱修 → 14 世紀修道院興建 → 鄂圖曼時期（修道院成為避難所）→ 現代石階開鑿後對外開放,,拜占庭濕壁畫、古代手抄本、聖像畫、吊籃系統遺跡,行程第 12 天第二站，溫泉關之後,清晨或傍晚光線最美；確認目標修道院當日是否開放,進入修道院需穿著保守：男性長褲、女性長裙遮膝（入口通常提供裹裙）；遮蓋肩膀,修道院內部一般禁止拍照，外部可拍,旺季人多，建議早到,石階陡峭，注意安全；部分路段有懸崖邊步道,石階很多，輪椅無法進入修道院,,,,,★★★★★（世界複合遺產，懸浮天際的修道院奇觀）,第一眼看到巨石柱頂的修道院時會忍不住驚呼。想像古代修士只靠繩索上下，這份對信仰的執著令人肅然起敬。
31,庇哩亞,Beroea,Veria / 現今維利亞 VERIA,希臘,12,3/24,希臘中馬其頓大區維利亞市（Veria）,庇哩亞（Beroea）,"40.5222°N, 22.2042°E",,免費（露天紀念遺址）,20–30 分鐘,徒 17:10–15,使徒行傳,保羅和西拉從充滿敵意的帖撒羅尼迦逃出後來到庇哩亞。聖經給予庇哩亞人極高的評價：「這地方的人賢於帖撒羅尼迦的人，甘心領受這道，天天查考聖經，要曉得這道是與不是。」（徒 17:11）。這段經文使庇哩亞成為聖經研讀精神的象徵——「庇哩亞人」至今是認真查考聖經的代名詞。,保羅、西拉,初代教會（主後 50 年左右）,庇哩亞人的態度是信仰生活的典範：他們既「甘心領受」（心態開放），又「天天查考聖經」（理性驗證）。信仰不是盲目接受，而是用聖經真理去驗證所聽到的教導。這種態度對今天的信徒同樣重要。,你是否像庇哩亞人一樣，對所聽到的教導既開放又認真查考？還是只聽不查？,「甘心領受這道，天天查考聖經」——你如何在日常生活中培養這種習慣？ ｜ 為什麼庇哩亞人被稱為「賢於」帖撒羅尼迦人？這對你的信仰學習有什麼啟發？,現代維利亞市保留了一處紀念保羅傳道的會堂遺址（Bema of the Apostle Paul）。入口的石碑以希臘文刻著使徒行傳 17:11。周圍有馬賽克壁畫描繪保羅傳道的場景。,,,保羅講道紀念台（Bema）、使徒行傳 17:11 石碑,行程第 12 天第三站，邁泰奧拉之後,,,,遊客少,,,,,帖撒羅尼迦（東方約 1 小時車程）,,★★★★☆（「天天查考聖經」的典範之城）,紀念遺址不大但意義深遠。石碑上的經文提醒每一位到訪者：做一個認真查考聖經的「庇哩亞人」。
32,帖撒羅尼迦,Thessaloniki,,希臘,12,3/24,希臘第二大城，中馬其頓大區首府,帖撒羅尼迦（Thessalonica）,"40.6401°N, 22.9444°E",,,當日為途經，住宿於此,徒 16:40–17:9　／　徒 17:13–14　／　帖前（整卷）　／　帖後（整卷）,使徒行傳、帖撒羅尼迦前書、帖撒羅尼迦後書,1988 年城內早期基督教與拜占庭古蹟群列入世界遺產。保羅和西拉在帖撒羅尼迦傳道時，一些虔誠的希臘人和尊貴的婦女信奉了耶穌，耶孫曾接待保羅到自己家中。然而不信的猶太人嫉妒煽動暴民，控告保羅和西拉「攪亂天下」，迫使他們連夜離開前往庇哩亞。保羅後來寫下帖撒羅尼迦前後書，書中包含最詳盡的末世論教導，包括基督再來和信徒被提的經典段落（帖前 4:13–18）。,保羅、西拉、耶孫（Jason，接待保羅的信徒）,初代教會（主後 49–50 年）,帖撒羅尼迦前書是保羅最早的書信（約主後 50 年），也可能是新約聖經最早寫成的書卷之一。書中對基督再來的教導塑造了基督教的末世觀。保羅稱讚帖撒羅尼迦信徒是「在馬其頓和亞該亞所有信主之人的榜樣」。,保羅在帖撒羅尼迦只待了短短幾週就被迫離開，但建立的教會卻成為榜樣。你是否低估了短暫接觸也能帶來的深遠影響？,帖撒羅尼迦的信徒在逼迫中仍然成為「榜樣」。在你所處的環境中，你如何成為信仰的榜樣？,城內保存多座早期基督教教堂（列為世界遺產），包括聖底米特里教堂（Agios Dimitrios）、聖索菲亞教堂和圓頂教堂（Rotunda）。白塔（White Tower）是城市地標。,馬其頓王國建城（前 315 年）→ 羅馬 → 拜占庭（帝國第二大城）→ 鄂圖曼 → 現代希臘,,,行程第 12 天最後一站，夜宿此處,傍晚沿海濱大道散步最佳,一般城市穿著,,大城市，正常人潮,,,,Grecotel Larissa Imperial 或同級（5 星）,耶孫的家（市區內）、庇哩亞（西方約 1 小時）,希臘橄欖油、蜂蜜、烏佐酒（Ouzo）,★★★★☆（新約最早書信的誕生背景城市，世界遺產教堂群）,作為希臘第二大城，帖撒羅尼迦兼具歷史深度與現代活力。海濱的白塔日落很美。
33,耶孫的家,House of Jason,,希臘,13,3/25,希臘帖撒羅尼迦市區,,"40.6333°N, 22.9500°E（大約位置）",,目前為修道院，需確認開放情況,20–30 分鐘,徒 17:1–10　／　羅 16:21,使徒行傳、羅馬書,保羅和西拉在帖撒羅尼迦傳道時，耶孫（Jason）接待他們到自己家中。當暴民搜不到保羅和西拉時，就把耶孫和幾個弟兄拉到地方官面前，控告他們「攪亂天下」（徒 17:6）。耶孫被迫交保釋放。後來耶孫成為保羅的同工，保羅在寫給羅馬人的信中，代耶孫問候羅馬的信徒（羅 16:21）。目前此處已改為修道院。,耶孫（Jason）、保羅、西拉,初代教會（主後 49–50 年）,耶孫冒著生命危險接待保羅，為初代教會的「接待」美德做了見證。在逼迫中仍然打開家門接待傳道人，這份勇氣和愛心使他從一個普通信徒成為保羅口中的「同工」。,你是否願意像耶孫一樣，即使有風險也願意為信仰的緣故打開你的家門？,「攪亂天下的人」——這個控告其實是對保羅傳道影響力的見證。你如何看待信仰帶來的「攪亂」？,,,,,行程第 13 天第一站,,,,遊客很少,,,,,帖撒羅尼迦市區各教堂,,★★★☆☆（遺址改為修道院，規模小但故事感人）,在這裡默想耶孫冒險接待保羅的勇氣。修道院安靜肅穆。
34,暗妃波里,Amphipolis,,希臘,13,3/25,希臘中馬其頓大區塞雷斯州（Serres）,,"40.8167°N, 23.8500°E",,免費（露天遺址與獅子紀念碑）,15–20 分鐘,徒 17:1,使徒行傳,暗妃波里首次、也是聖經中唯一的一次出現在使徒行傳 17:1：「保羅和西拉經過暗妃波里、亞波羅尼亞，來到帖撒羅尼迦。」這是保羅第二次宣教旅程中，回應「馬其頓的呼聲」進入歐洲後，從腓立比前往帖撒羅尼迦途中經過的第一個城邑。暗妃波里是羅馬帝國在埃格那田大道（Via Egnatia）上的重要軍事據點。,保羅、西拉,初代教會（主後 49–50 年）；城市歷史可追溯至前 5 世紀,,,,路邊有一座巨大的石獅子紀念碑（前 4 世紀），高約 5.3 公尺，為紀念亞歷山大大帝的海軍將領拉俄墨冬所建。2012 年在附近發現了一座大規模的亞歷山大時代墓葬（Kasta Tomb），引起國際考古界轟動。,,,阿姆菲波利斯獅子紀念碑、卡斯塔墓葬（Kasta Tomb）,行程第 13 天，路經短暫停留,,,,遊客很少,,,,,,,★★★☆☆（路經紀念站，獅子紀念碑值得拍照）,公路旁的巨大石獅在平原上格外醒目。想像保羅和西拉沿著埃格那田大道走過此處的情景。
35,腓立比,Philippi,,希臘,13,3/25,希臘東馬其頓-色雷斯大區卡瓦拉州,腓立比（Philippi）,"41.0133°N, 24.2872°E",08:00–20:00（冬季至 15:00）,約 €8,1.5–2 小時,徒 16:11–40　／　腓（整卷）,使徒行傳、腓立比書,2016 年列入世界文化遺產。腓立比是保羅在歐洲傳福音的第一座城市。主後 49–50 年，保羅回應馬其頓異象來到此地。在腓立比，呂底亞（賣紫色布匹的推雅推喇婦人）成為歐洲第一位基督徒，在河邊受洗（徒 16:14–15）。保羅和西拉後來因趕出使女身上的邪靈而被捕入獄，在監獄中唱詩讚美神，半夜地震打開了監門和鎖鏈，禁卒全家因此信主受洗（徒 16:25–34）。保羅對腓立比教會的愛在腓立比書中流露無遺。,保羅、西拉、路加、呂底亞、腓立比禁卒,馬其頓王國（前 356 年腓力二世建城）；初代教會（主後 49–50 年）,腓立比是福音進入歐洲的第一站，在宣教史上具有里程碑意義。保羅在獄中寫的腓立比書充滿喜樂，名言「我靠著那加給我力量的，凡事都能做」（腓 4:13）就出自這封書信。困境中的喜樂是腓立比教會最深刻的見證。,保羅在獄中仍能唱詩讚美。你在困境中是否還能找到喜樂的源頭？,呂底亞在河邊受洗成為歐洲第一位基督徒。你的「河邊時刻」——生命被福音觸動的那一刻——是什麼？ ｜ 保羅和西拉半夜在監獄中唱詩，地震卻帶來了禁卒一家的得救。你認為讚美在苦難中有什麼力量？,考古遺址面積廣大，包括：羅馬廣場（Forum）、兩座早期基督教大教堂（Basilica A & B）、保羅和西拉被囚禁的監獄遺址、呂底亞受洗處（城外的河邊）、劇場和城牆。,馬其頓王國（前 356 年）→ 羅馬殖民地（奧古斯都時期重建）→ 拜占庭基督教中心 → 荒廢,高（監獄遺址、廣場、河邊受洗處均與使徒行傳吻合）,監獄遺址、大教堂馬賽克地板、呂底亞受洗處紀念禮拜堂,行程第 13 天重頭戲,上午光線最佳，下午人少,戶外遺址，舒適步行鞋,,中等,遺址面積大，注意時間分配,,,,尼亞波利/卡瓦拉（東南約 15 公里）,,★★★★★（福音進入歐洲的第一站，世界文化遺產）,站在監獄遺址中想像保羅和西拉半夜唱詩的場景，是此行最感動的時刻之一。呂底亞受洗處的河邊禮拜堂氣氛寧靜動人。
36,尼亞波利（卡瓦拉）,Neapolis,Kavala,希臘,13,3/25,希臘東馬其頓-色雷斯大區卡瓦拉市,尼亞波利（Neapolis）,"40.9397°N, 24.4014°E",,,路經短暫停留,徒 16:11,使徒行傳,尼亞波利是保羅從小亞細亞渡海到馬其頓後登陸的港口，也就是福音踏上歐洲土地的第一個地點。使徒行傳 16:11 記載：「從特羅亞開船，一直行到撒摩特喇，第二天到了尼亞波利。」古代尼亞波利的遺跡大多埋在現代卡瓦拉城市地下。現今的卡瓦拉是一座美麗的海港城市，建有保羅登陸紀念碑。,保羅、西拉、提摩太、路加,初代教會（主後 49 年）,尼亞波利是福音從亞洲踏上歐洲大陸的第一步。保羅的腳踏上這片土地的那一刻，改變了整個西方文明的走向。,,福音從亞洲傳到歐洲，改變了世界歷史。你認為信仰的傳播如何塑造了你今天所在的文化？,古代港口遺跡埋在現代城市下方。可見拜占庭城堡、鄂圖曼時期的水道橋（Kamares Aqueduct）和舊城區。,,,,行程第 13 天，腓立比之後,傍晚海港風景最美,,,一般城市人潮,,,,,腓立比（西北約 15 公里）,,★★★☆☆（海港城市風景優美，福音入歐的登陸點）,海港邊的保羅紀念碑值得一看。卡瓦拉舊城區沿山而建，水道橋壯觀。想像保羅踏上這片海岸時的心情。
37,塔克辛廣場與獨立大街,Taksim Square & İstiklal Avenue,,土耳其,14,3/26,伊斯坦堡貝伊奧盧區（Beyoğlu），歐洲側新城區,,"41.0370°N, 28.9850°E",,免費（戶外廣場與步行街）,1–2 小時（自由活動購物）,,,,,,,,,塔克辛廣場最顯眼的地標之一是共和國紀念碑（Republic Monument），1928 年建成，紀念土耳其共和國成立。廣場連接的獨立大街（İstiklal Caddesi）全長約 1.4 公里，是伊斯坦堡最繁華的步行購物街。大街上行駛的復古紅色電車（Nostalgic Tram）雖然只有 2 站，卻是全球第二古老的地鐵線（僅次於倫敦地鐵的一部分）。,19 世紀末歐洲社區中心 → 共和國時期現代化標誌 → 現代伊斯坦堡商業與文化中心,,,行程第 14 天，若時間允許的自由活動,下午至傍晚，商店全開且氣氛最佳,一般城市穿著,,週末與傍晚非常擁擠,注意隨身財物，人多時小心扒手,,獨立大街兩側有眾多餐廳、咖啡廳與甜點店；推薦嘗試土耳其冰淇淋和烤栗子,Hilton Istanbul Bomonti（5 星）,,土耳其軟糖（Lokum）、土耳其紅茶組、香料、地毯、皮件,★★★★☆（伊斯坦堡現代面的縮影，購物天堂）,獨立大街的復古紅色電車是拍照的好對象。這裡是感受現代土耳其活力的最佳場所。建議在此採購伴手禮。
